tempo,SP,PV,MV
0,1.22507036,1.2217496494117648,391.1989063529412
10,1.22507036,1.22658284,392.198822
20,1.22507036,1.2201103663265307,391.3846804897959
30,1.22507036,1.2178890826,390.74739872
40,1.22507036,1.223920296,391.2011228
50,1.22507036,1.2263599644,392.667816
60,1.22507036,1.218569833,391.11286486
70,1.22507036,1.2217076327999998,391.09349399999996
80,1.22507036,1.2251903788,391.85959836
90,1.22507036,1.2249480752941178,392.22995
100,1.22507036,1.2248859456,392.13474846
110,1.22507036,1.2259887664,392.47364
120,1.22507036,1.2224149720000002,392.02723
130,1.22507036,1.2269966886,392.1926
140,1.22507036,1.2249064024,392.24876028
150,1.22507036,1.2196206040816326,391.26309375510203
160,1.22507036,1.2223795899999998,391.1620484
170,1.22507036,1.222096151764706,391.7973
180,1.22507036,1.2217470128,391.49141354
190,1.22507036,1.2259254088,391.96922354
200,1.22507036,1.2213051320000001,391.7854796
210,1.22507036,1.2183673346938775,390.7641
220,1.22507036,1.2260986094,392.07362356
230,1.22507036,1.2266670398,392.593089
240,1.22507036,1.2227841605882355,392.13766670588234
250,1.22507036,1.2230031558,391.205627
260,1.22507036,1.2285947106000001,392.65734994
270,1.22507036,1.2243459774,392.41161625999996
280,1.22507036,1.2228621417647059,391.4708180588235
290,1.22507036,1.227608605882353,392.517242
300,1.22507036,1.2231972992,391.98886944
310,1.22507036,1.2212910000000001,391.32914614
320,1.22507036,1.2254704906,391.5182454
330,1.22507036,1.2249126046,392.640228
340,1.22507036,1.2226441894117648,391.62502470588237
350,1.22507036,1.226338687,392.11642304000003
360,1.22507036,1.2236731148,392.2905668
370,1.22507036,1.2216887528,390.968384
380,1.22507036,1.2266236329411766,392.2492051176471
390,1.22507036,1.2296098354,392.94209092
400,1.22507036,1.2286816459183674,393.07478291836736
410,1.22507036,1.2272841248000002,392.6475
420,1.22507036,1.2265716638,392.41617873999996
430,1.22507036,1.2258061242,392.39564826000003
440,1.22507036,1.22507976,392.293465
450,1.22507036,1.224960423877551,392.036133
460,1.22507036,1.2249335799999999,392.0940614
470,1.22507036,1.2236223574,391.96461
480,1.22507036,1.2235419751020409,391.5869280204082
490,1.22507036,1.2265582332,391.5869280204082
500,1.22507036,1.224032294117647,391.9895182352941
510,1.22507036,1.224032294117647,391.9895182352941
520,1.22507036,1.2214559704081633,391.33951387755104
530,1.22507036,1.2285036299999998,391.94568158
540,1.22507036,1.2284172394117647,393.101257
550,1.22507036,1.2263243175510203,392.42452530612246
560,1.22507036,1.2280072986,392.61458836
570,1.22507036,1.228448419,392.77426164
580,1.22507036,1.225112512,392.558746
590,1.22507036,1.2256855454,392.2084921
600,1.22507036,1.2247769918367346,392.22131
610,1.22507036,1.223291689387755,391.80013673469387
620,1.22507036,1.224654255,391.948944
630,1.22507036,1.2262122058823528,392.24153182352944
640,1.22507036,1.222073414117647,391.9091888235294
650,1.22507036,1.2223393364000001,391.37648751999996
660,1.22507036,1.2265825002,392.159943
670,1.22507036,1.2225188716,391.7248269
680,1.22507036,1.2261947136,391.8107445
690,1.22507036,1.229182884117647,392.68547058823526
700,1.22507036,1.2253465241176469,392.574921
710,1.22507036,1.2239049720000001,391.95582034
720,1.22507036,1.2296620453061224,392.70875551020407
730,1.22507036,1.227043106122449,393.04944367346934
740,1.22507036,1.2221672847058824,391.7962
750,1.22507036,1.2261686868000001,392.25628997999996
760,1.22507036,1.2283747806,392.84819648
770,1.22507036,1.2227330164705883,392.2053507058824
780,1.22507036,1.2206286304,391.355469
790,1.22507036,1.2228110612,391.58890852
800,1.22507036,1.2262631967346938,392.1873678163265
810,1.22507036,1.222889058,391.8918669
820,1.22507036,1.224668901,391.885284
830,1.22507036,1.2292476170588236,392.8528217647059
840,1.22507036,1.228363274,393.0549828
850,1.22507036,1.2253872860000001,392.63169999999997
860,1.22507036,1.2292407306,392.243958
870,1.22507036,1.2307041892,393.30267054
880,1.22507036,1.2243626688,392.36582446
890,1.22507036,1.2254224614,392.08695098
900,1.22507036,1.2252462666,392.51712
910,1.22507036,1.2228722089795918,391.74816479591834
920,1.22507036,1.2252694556000001,392.0039787
930,1.22507036,1.2275095778,392.4429203
940,1.22507036,1.2263754858,392.746
950,1.22507036,1.2221210978000001,391.69698950000003
960,1.22507036,1.2261524752,392.01140728
970,1.22507036,1.2309341234693878,392.9948044897959
980,1.22507036,1.2273544141176471,392.8816
990,1.22507036,1.22891114,392.90779772
1000,1.22507036,1.2296990632,393.20299388
1010,1.22507036,1.224996509387755,392.69212875510203
1020,1.22507036,1.2276396946938775,392.399231
1030,1.22507036,1.2298443000000001,393.07453428
1040,1.22507036,1.2233921808,392.33269246
1050,1.22507036,1.2228851254,391.76991626
1060,1.22507036,1.2269383824,392.281677
1070,1.22507036,1.2233936212,392.017514
1080,1.22507036,1.2228308164705881,391.6071294117647
1090,1.22507036,1.2257350602,392.00566200000003
1100,1.22507036,1.227787728,392.847229
1110,1.22507036,1.2261544738,392.33047666
1120,1.22507036,1.226486304,392.4131284
1130,1.22507036,1.2308758530612245,392.9099020612245
1140,1.22507036,1.2303011879999999,393.700348
1150,1.22507036,1.2234354471428572,392.05169804081635
1160,1.22507036,1.2232553743999999,391.65032272
1170,1.22507036,1.229345952352941,392.5145564705883
1180,1.22507036,1.2267748402,393.252747
1190,1.22507036,1.2208016108,391.61111174
1200,1.22507036,1.2264570052941177,391.9895270588235
1210,1.22507036,1.228067649,392.79949872000003
1220,1.22507036,1.2241682304000001,392.133667
1230,1.22507036,1.22778902,392.6840584
1240,1.22507036,1.228654768,393.15573616
1250,1.22507036,1.2256622384,392.77894428
1260,1.22507036,1.226806599,392.236572
1270,1.22507036,1.2311017268,393.41244866
1280,1.22507036,1.2321175795918367,393.7065067755102
1290,1.22507036,1.2286952549999999,393.61304976
1300,1.22507036,1.2268754134,392.745
1310,1.22507036,1.2249330316,392.34126752
1320,1.22507036,1.2274321647058823,392.6218028235294
1330,1.22507036,1.2281598924000001,392.85247742
1340,1.22507036,1.2289712544,393.049622
1350,1.22507036,1.2271221008000002,392.8172
1360,1.22507036,1.22189555,391.94848279999997
1370,1.22507036,1.2253926634,392.03923396
1380,1.22507036,1.2267868038,392.813446
1390,1.22507036,1.224862876,392.3076807
1400,1.22507036,1.2286512324,392.76800306
1410,1.22507036,1.2301179170588235,393.2764910588235
1420,1.22507036,1.2255493705882352,392.924042
1430,1.22507036,1.2266703774,392.75280468
1440,1.22507036,1.2324205111764706,393.718146
1450,1.22507036,1.2276438256,393.62104800000003
1460,1.22507036,1.2253779172,392.2963
1470,1.22507036,1.2281531902040816,392.9809955102041
1480,1.22507036,1.2279860506122449,393.1482836734694
1490,1.22507036,1.2218682697999999,392.34189176
1500,1.22507036,1.2248968912244897,392.12558
1510,1.22507036,1.2277954606,392.86975244
1520,1.22507036,1.2274945356,393.04331904000003
1530,1.22507036,1.2233123397959182,392.457647755102
1540,1.22507036,1.2198473776,391.541534
1550,1.22507036,1.2246976520408164,392.1068632653061
1560,1.22507036,1.22738385,392.8134802
1570,1.22507036,1.2225202794117647,392.35774523529415
1580,1.22507036,1.2265923170588235,392.242279
1590,1.22507036,1.229286154117647,393.1880964705883
1600,1.22507036,1.2258652744,392.78636028
1610,1.22507036,1.2230095094,392.2284048
1620,1.22507036,1.22558685,391.9259
1630,1.22507036,1.2268685576470588,392.71868152941175
1640,1.22507036,1.2229406973999999,392.18017568
1650,1.22507036,1.2211995812,391.72121408
1660,1.22507036,1.224417943877551,391.712
1670,1.22507036,1.2267154106,392.60690002
1680,1.22507036,1.2224258587755101,392.1446486530612
1690,1.22507036,1.2211360382,391.6374184
1700,1.22507036,1.224494648,391.815979
1710,1.22507036,1.222384334,391.9296144
1720,1.22507036,1.223709107755102,391.85753714285715
1730,1.22507036,1.227682936,392.49450244
1740,1.22507036,1.223711638979592,392.44455
1750,1.22507036,1.2214795688235294,391.78738529411766
1760,1.22507036,1.2279686017647058,392.517849117647
1770,1.22507036,1.228547144,393.1154276
1780,1.22507036,1.2240809724489796,392.4935
1790,1.22507036,1.225107624489796,392.2871265306122
1800,1.22507036,1.2255682522448978,392.47752859183674
1810,1.22507036,1.2219182742,391.90981832
1820,1.22507036,1.2245244006,392.302551
1830,1.22507036,1.2246350946,392.2439132
1840,1.22507036,1.2230288670588234,392.0793100588235
1850,1.22507036,1.2203848740816328,391.54318879591835
1860,1.22507036,1.2246546471428572,392.0137
1870,1.22507036,1.2232170389795918,392.01430040816325
1880,1.22507036,1.22107487,391.6669852
1890,1.22507036,1.22102113,391.57608
1900,1.22507036,1.2229770104000002,391.385468
1910,1.22507036,1.2237001363265307,392.0615656530612
1920,1.22507036,1.2213038710204083,391.60255836734694
1930,1.22507036,1.2249624066,391.84414902
1940,1.22507036,1.2257449416326531,392.749054
1950,1.22507036,1.2243106679591835,392.12946979591834
1960,1.22507036,1.2271987847058823,392.5723588235294
1970,1.22507036,1.2248655184,392.65132636
1980,1.22507036,1.2204488002,391.621735
1990,1.22507036,1.2213936534,391.46658568
2000,1.22507036,1.2261322302040816,392.22615020408165
2010,1.22507036,1.2235755088235294,392.44574
2020,1.22507036,1.2205476723529411,391.552277
2030,1.22507036,1.2186166904,391.02397912
2040,1.22507036,1.2224646118,391.45346172
2050,1.22507036,1.2239287874,391.8341086
2060,1.22507036,1.2223413972,392.0063
2070,1.22507036,1.2183610264705882,390.98658117647057
2080,1.22507036,1.2177978891999999,390.66105132
2090,1.22507036,1.2217634922448979,391.1416306122449
2100,1.22507036,1.2247228395999998,391.835052
2110,1.22507036,1.2253715152941176,392.21578823529416
2120,1.22507036,1.223322681,391.98880272
2130,1.22507036,1.225638746,392.03030128
2140,1.22507036,1.226296405,392.500336
2150,1.22507036,1.2218544632,391.705358
2160,1.22507036,1.2204069826,391.25260066
2170,1.22507036,1.2231975294,391.4665022
2180,1.22507036,1.2237865276,391.9573
2190,1.22507036,1.2234531918367346,391.80254285714284
2200,1.22507036,1.2224589164705881,391.7822005882353
2210,1.22507036,1.2175741647058822,391.16894923529406
2220,1.22507036,1.221719272352941,390.8139
2230,1.22507036,1.2243969588235295,392.0016638235294
2240,1.22507036,1.22307232,391.7937464
2250,1.22507036,1.2236186871428572,391.7438469387755
2260,1.22507036,1.2257240446,392.251038
2270,1.22507036,1.2221598792,391.60540518
2280,1.22507036,1.224505998,391.82383226
2290,1.22507036,1.2269211411764704,392.354828
2300,1.22507036,1.2272277497959183,392.4622
2310,1.22507036,1.2251914406122448,392.21590997959186
2320,1.22507036,1.222281456,391.66807259999996
2330,1.22507036,1.2213507406,391.44768541999997
2340,1.22507036,1.2249442781632653,391.62207
2350,1.22507036,1.2261556644,392.3523627
2360,1.22507036,1.2235377829411764,391.9930764705882
2370,1.22507036,1.2230924481999998,391.6823086
2380,1.22507036,1.2225469629411765,391.702545
2390,1.22507036,1.2217067284,391.4015699
2400,1.22507036,1.2220834159183673,391.4895093877551
2410,1.22507036,1.220225601764706,391.34773882352937
2420,1.22507036,1.2237045896,391.402252
2430,1.22507036,1.2229254232,391.673834
2440,1.22507036,1.2208567359183673,391.32955546938774
2450,1.22507036,1.2211804535294117,391.19664611764705
2460,1.22507036,1.226559935882353,391.95816
2470,1.22507036,1.2238047023999998,391.97338695999997
2480,1.22507036,1.222953563,391.60194134
2490,1.22507036,1.224205581,391.81243366
2500,1.22507036,1.2245755688,391.9695
2510,1.22507036,1.2264625582,392.2610815
2520,1.22507036,1.2252758644,392.230908
2530,1.22507036,1.2235411595999999,391.95751256
2540,1.22507036,1.2247622606,391.744171
2550,1.22507036,1.2233876592,391.77968734
2560,1.22507036,1.2245204182,391.84075492
2570,1.22507036,1.225272805,392.073868
2580,1.22507036,1.223364109,391.9231
2590,1.22507036,1.2230282505882353,391.6316672941176
2600,1.22507036,1.2227917489795916,391.62944571428574
2610,1.22507036,1.2243517175999998,391.710954
2620,1.22507036,1.2234043974,391.851654
2630,1.22507036,1.2213395456,391.33153566
2640,1.22507036,1.2194028288235295,391.0763
2650,1.22507036,1.2242438812244898,391.2791306122449
2660,1.22507036,1.2276278299999999,392.527679
2670,1.22507036,1.2240584028571428,391.82668897959184
2680,1.22507036,1.2228459228,391.6022688
2690,1.22507036,1.225311473529412,391.94397647058827
2700,1.22507036,1.2248277548,392.1974
2710,1.22507036,1.226300155882353,392.1967294117647
2720,1.22507036,1.2257217578,392.26066068
2730,1.22507036,1.2249098952941175,392.0104271764706
2740,1.22507036,1.2246014912,392.071045
2750,1.22507036,1.225315988,392.02568418
2760,1.22507036,1.2221062610204083,391.6901777755102
2770,1.22507036,1.222535946,391.43438760000004
2780,1.22507036,1.2225041761224489,391.6028
2790,1.22507036,1.2196094894117648,390.9177230588235
2800,1.22507036,1.2243995063265305,391.43450693877554
2810,1.22507036,1.223532196530612,391.86754081632654
2820,1.22507036,1.2225189204,391.472717
2830,1.22507036,1.2250418786000001,391.806154
2840,1.22507036,1.2260400762,392.005048
2850,1.22507036,1.2270786954,392.31928800000003
2860,1.22507036,1.227159894489796,392.326141
2870,1.22507036,1.2257622049999999,392.22337958
2880,1.22507036,1.225343598,392.0092892
2890,1.22507036,1.2264047494,391.94477816
2900,1.22507036,1.2264300363265306,392.4819
2910,1.22507036,1.2254275319999999,392.129486
2920,1.22507036,1.2236455712,391.9420555
2930,1.22507036,1.2192612753999998,391.21037390000004
2940,1.22507036,1.2237772676470589,391.1151
2950,1.22507036,1.2277895146938775,392.4023175510204
2960,1.22507036,1.227815396122449,392.64239324489796
2970,1.22507036,1.2252198947058823,392.3368192352941
2980,1.22507036,1.2225167532,391.459259
2990,1.22507036,1.224808547755102,391.8168123061224
3000,1.22507036,1.2276339703999999,392.35267132
3010,1.22507036,1.2272652948979592,392.4889513877551
3020,1.22507036,1.2263711091836735,392.350616
3030,1.22507036,1.22566909,392.1330541176471
3040,1.22507036,1.225245428,392.05879804
3050,1.22507036,1.2260991099999998,392.143852
3060,1.22507036,1.2286632732,392.602051
3070,1.22507036,1.2269237838,392.4633333
3080,1.22507036,1.2220495816,391.64654559999997
3090,1.22507036,1.2248646876,391.56935391999997
3100,1.22507036,1.2254176069387757,392.173584
3110,1.22507036,1.2256526408,392.082398
3120,1.22507036,1.220682810612245,391.38957551020405
3130,1.22507036,1.2222584456,391.082364
3140,1.22507036,1.226139574117647,391.7569
3150,1.22507036,1.228897561,392.691662
3160,1.22507036,1.2245777529411765,392.3499964705882
3170,1.22507036,1.2240216252,391.82349972
3180,1.22507036,1.2278170892,392.187073
3190,1.22507036,1.228638874,392.7855224
3200,1.22507036,1.225702212244898,392.3844248979592
3210,1.22507036,1.2264154065306123,392.0388543265306
3220,1.22507036,1.227250694117647,392.692657
3230,1.22507036,1.2244842738000001,392.00741942
3240,1.22507036,1.2270279658823529,392.19369847058823
3250,1.22507036,1.2249829764705882,392.1337097058823
3260,1.22507036,1.227336197,392.069366
3270,1.22507036,1.224990272,392.130458
3280,1.22507036,1.2244287096,391.903576
3290,1.22507036,1.2256961100000001,392.0059738
3300,1.22507036,1.2278189054,392.3315
3310,1.22507036,1.2272209973469388,392.5296234081632
3320,1.22507036,1.2265201317647059,392.33315711764703
3330,1.22507036,1.228041266,392.49095239999997
3340,1.22507036,1.2285396364,392.7113
3350,1.22507036,1.2292369681632653,392.88989791836735
3360,1.22507036,1.2251251448979592,392.43960685714285
3370,1.22507036,1.22539682,392.0240964
3380,1.22507036,1.2279106278,392.654663
3390,1.22507036,1.2250056034,392.12587416
3400,1.22507036,1.2232057640816327,391.7801136938776
3410,1.22507036,1.2258398835294118,391.91213076470586
3420,1.22507036,1.2266764648000001,392.737732
3430,1.22507036,1.2244999579591838,391.99950195918365
3440,1.22507036,1.2249792435294118,391.9805604705883
3450,1.22507036,1.2253334614,391.90382092
3460,1.22507036,1.2297050770588236,392.720337
3470,1.22507036,1.2298310992,393.0534337
3480,1.22507036,1.2250669632653062,392.3721449183674
3490,1.22507036,1.227288845882353,392.11053488235297
3500,1.22507036,1.2315835952941177,393.5567
3510,1.22507036,1.22967656,393.142545
3520,1.22507036,1.2289528094117648,392.99749558823527
3530,1.22507036,1.2261667084,392.7505768
3540,1.22507036,1.224040056,391.8487
3550,1.22507036,1.2292441061224488,392.84290653061225
3560,1.22507036,1.2286809187999999,393.006808
3570,1.22507036,1.2266241458823528,392.69297647058823
3580,1.22507036,1.2260708388235293,392.2389
3590,1.22507036,1.2249025196,392.168088
3600,1.22507036,1.2266200828,392.3931381
3610,1.22507036,1.227961521,392.64586894
3620,1.22507036,1.2266557359183674,392.6705
3630,1.22507036,1.2268791055102042,392.521406122449
3640,1.22507036,1.2268714265306122,392.63307012244894
3650,1.22507036,1.228552858235294,392.6955310588235
3660,1.22507036,1.2309494194117647,393.1335
3670,1.22507036,1.2308121504081633,393.4194314897959
3680,1.22507036,1.2258105256,392.64170495999997
3690,1.22507036,1.2261847806122448,392.26364408163266
3700,1.22507036,1.2296357346,392.873871
3710,1.22507036,1.2279527288,392.92445534
3720,1.22507036,1.2253677212,392.4924411
3730,1.22507036,1.2252413052,392.29296626
3740,1.22507036,1.227683544,392.454163
3750,1.22507036,1.2281123412,392.89955542
3760,1.22507036,1.2244704714,392.38546678
3770,1.22507036,1.2233754228,391.86468157999997
3780,1.22507036,1.2294791323999998,392.610443
3790,1.22507036,1.2290564258823529,393.2013411764706
3800,1.22507036,1.2267807998,392.70734488
3810,1.22507036,1.227141973,392.57350352
3820,1.22507036,1.229620074,393.032471
3830,1.22507036,1.227882902653061,392.9567192244898
3840,1.22507036,1.2269248005882352,392.6916662352941
3850,1.22507036,1.22635103,392.72326016
3860,1.22507036,1.2243196,392.07016
3870,1.22507036,1.2251518006,392.29633692000004
3880,1.22507036,1.2238838170588235,392.1398547647059
3890,1.22507036,1.2249967583999999,392.24855126
3900,1.22507036,1.2245375188,392.0585
3910,1.22507036,1.2234329732,391.99534892
3920,1.22507036,1.224298705,391.90530888
3930,1.22507036,1.2294749222,392.70972692
3940,1.22507036,1.226399142857143,392.7565
3950,1.22507036,1.226805485,392.63492788
3960,1.22507036,1.2275044257142858,392.7905310204082
3970,1.22507036,1.2288965065306123,393.01892491836736
3980,1.22507036,1.2259582603921568,392.600372
3990,1.22507036,1.2271531302040817,392.66524410204084
4000,1.22507036,1.2241857311764706,392.3069725294118
4010,1.22507036,1.2255806305999999,392.18789274
4020,1.22507036,1.2262768792,392.743652
4030,1.22507036,1.2244598640816327,392.2491886734694
4040,1.22507036,1.2238174388235294,392.08049147058824
4050,1.22507036,1.2267972104,392.35891114
4060,1.22507036,1.2245317368,392.580444
4070,1.22507036,1.2238303002,392.08954962
4080,1.22507036,1.2263570684,392.35899586
4090,1.22507036,1.2256639008163264,392.6948286530612
4100,1.22507036,1.2227237732,392.047119
4110,1.22507036,1.2263335966,392.40104184
4120,1.22507036,1.2272984416326531,392.63510816326533
4130,1.22507036,1.2257860512,392.56242086
4140,1.22507036,1.2266178346938776,392.4199
4150,1.22507036,1.2277739826,392.88267036
4160,1.22507036,1.2266762971428573,392.71454483673466
4170,1.22507036,1.2268547048,392.76720586
4180,1.22507036,1.2256493235294117,392.515778
4190,1.22507036,1.2238584251020408,392.2164093877551
4200,1.22507036,1.2266151217999999,392.45403474
4210,1.22507036,1.2247162369387756,392.50435114285716
4220,1.22507036,1.223906673,392.2271
4230,1.22507036,1.2246473511764706,392.2774098235294
4240,1.22507036,1.2252475876,392.51082242
4250,1.22507036,1.2244621922,392.2975865
4260,1.22507036,1.2262083228,392.445068
4270,1.22507036,1.2241547882352941,392.25946570588235
4280,1.22507036,1.2242829932,392.07191626
4290,1.22507036,1.2291127469387755,392.5624155510204
4300,1.22507036,1.2295291108163264,393.487274
4310,1.22507036,1.2265663230612245,392.76707332653064
4320,1.22507036,1.2263424274,392.56509648
4330,1.22507036,1.2284922882352942,392.8137294705882
4340,1.22507036,1.2264194424,392.9442
4350,1.22507036,1.2244140035294118,392.30966447058825
4360,1.22507036,1.221788982,391.8398036
4370,1.22507036,1.22601948,391.96181738
4380,1.22507036,1.2284227142857143,393.1525
4390,1.22507036,1.223674595882353,392.1958099411765
4400,1.22507036,1.220476768,391.325531
4410,1.22507036,1.2246289429268293,392.144684
4420,1.22507036,1.2233636482,392.355377
4430,1.22507036,1.2199296283999999,391.41025021999997
4440,1.22507036,1.2220727036,391.47174486
4450,1.22507036,1.2256929414,392.075768
4460,1.22507036,1.2248891464,392.336761
4470,1.22507036,1.2236263218367347,392.0902795918367
4480,1.22507036,1.2272267823999998,392.53864242
4490,1.22507036,1.2272512408163265,392.80268736734695
4500,1.22507036,1.2262529966,392.674347
4510,1.22507036,1.223796131632653,392.10102897959183
4520,1.22507036,1.2247725112,392.18735999999996
4530,1.22507036,1.2237806308163264,392.19668430612245
4540,1.22507036,1.2235205200000001,391.9785
4550,1.22507036,1.2246370308163264,392.2605138571428
4560,1.22507036,1.223249822244898,392.20696687755105
4570,1.22507036,1.2211948364,391.77059386
4580,1.22507036,1.2227481446000001,391.909241
4590,1.22507036,1.2226860938,391.86348350000003
4600,1.22507036,1.2206885930612246,391.59033585714286
4610,1.22507036,1.2212694694,391.5026912
4620,1.22507036,1.2196568317647059,391.346375
4630,1.22507036,1.2202692936,391.18702048
4640,1.22507036,1.2232193762,391.69832442
4650,1.22507036,1.223887572,392.04237068000003
4660,1.22507036,1.2214628464705881,391.229126
4670,1.22507036,1.2259401099999998,392.35848799999997
4680,1.22507036,1.2261693947999999,392.63927356
4690,1.22507036,1.2185055111764707,391.685222
4700,1.22507036,1.2198545222000001,390.274628
4710,1.22507036,1.2257506752,392.29089
4720,1.22507036,1.220332524,391.7066112
4730,1.22507036,1.216698409,390.65371584
4740,1.22507036,1.2209112888,390.995
4750,1.22507036,1.2197109426530612,391.16735836734694
4760,1.22507036,1.2191165502,390.8885496
4770,1.22507036,1.2207770574,391.09011916000003
4780,1.22507036,1.2184110408,391.0397
4790,1.22507036,1.2171896682,390.56152906
4800,1.22507036,1.2216228342,391.19431066000004
4810,1.22507036,1.217250822,391.074994
4820,1.22507036,1.2161170956,390.096649
4830,1.22507036,1.2215577835294118,391.08684705882354
4840,1.22507036,1.2217147406000002,391.53061112
4850,1.22507036,1.2211518859183672,391.4385689795918
4860,1.22507036,1.2215230308163265,390.86972
4870,1.22507036,1.223608523,391.73944724
4880,1.22507036,1.2208203576,391.28428176
4890,1.22507036,1.219947306,390.96134386
4900,1.22507036,1.223603204489796,391.645538
4910,1.22507036,1.21911554,390.9173464
4920,1.22507036,1.2189397358,390.66535552
4930,1.22507036,1.2243780302,391.35313772
4940,1.22507036,1.2194896942,391.272552
4950,1.22507036,1.217797019,390.52322146
4960,1.22507036,1.2201157364705881,390.7154505294118
4970,1.22507036,1.2209076801999998,390.99740594
4980,1.22507036,1.220031669,390.7788
4990,1.22507036,1.220937767755102,390.94388881632653
5000,1.22507036,1.2222333016,391.26841176
5010,1.22507036,1.222204370612245,391.3256795918368
5020,1.22507036,1.221732682,391.294434
5030,1.22507036,1.2210921558823529,391.11977647058825
5040,1.22507036,1.222239566,391.27639999999997
5050,1.22507036,1.2197523,390.9469494117647
5060,1.22507036,1.219422767,390.580536
5070,1.22507036,1.2226453046,391.22468702000003
5080,1.22507036,1.2174149818367346,390.7226665102041
5090,1.22507036,1.2185111994,390.19535408
5100,1.22507036,1.2224099266,391.1378
5110,1.22507036,1.219229774,390.61637882
5120,1.22507036,1.2136462158823529,389.70735782352943
5130,1.22507036,1.2204235294117647,390.1160850588235
5140,1.22507036,1.221282484,391.236877
5150,1.22507036,1.2140310779999999,389.70039099999997
5160,1.22507036,1.2156110311764705,389.5002733529412
5170,1.22507036,1.2228293124489795,390.412093877551
5180,1.22507036,1.2201761634693877,391.092468
5190,1.22507036,1.2185175765999998,390.36852832
5200,1.22507036,1.2207622592,390.53586718
5210,1.22507036,1.2209331079999999,390.7640626
5220,1.22507036,1.2217983938,390.9797
5230,1.22507036,1.222354696,391.0449342
5240,1.22507036,1.219170137,390.73432312
5250,1.22507036,1.220573696,390.57480448
5260,1.22507036,1.2235310706122449,390.9933
5270,1.22507036,1.2223627948,391.0625183
5280,1.22507036,1.2174789583999999,390.29371662
5290,1.22507036,1.223781917,390.66250712
5300,1.22507036,1.2243591322,391.604034
5310,1.22507036,1.2215194634693878,390.9813534693877
5320,1.22507036,1.218992097755102,390.45601240816325
5330,1.22507036,1.2238785775510204,390.7499593265306
5340,1.22507036,1.2262945411764705,391.93338
5350,1.22507036,1.222616227647059,391.18082047058823
5360,1.22507036,1.2239345612244898,391.04201273469386
5370,1.22507036,1.2264757234,391.49163197999997
5380,1.22507036,1.2254048579999999,392.065216
5390,1.22507036,1.2225203158,391.15811468000004
5400,1.22507036,1.2265507765306123,391.4877000816327
5410,1.22507036,1.2250964163265305,391.7656015714286
5420,1.22507036,1.2228115705882352,391.14798
5430,1.22507036,1.2265856197959182,391.7838118367347
5440,1.22507036,1.226577926,391.99672228
5450,1.22507036,1.2242814624489797,391.6623032653061
5460,1.22507036,1.22496955,391.430176
5470,1.22507036,1.2274860424,392.04762081999996
5480,1.22507036,1.2253567464,391.85369168
5490,1.22507036,1.2257066162,391.64828492
5500,1.22507036,1.227257017,392.078949
5510,1.22507036,1.2274685046,392.08003868000003
5520,1.22507036,1.2264784334693877,392.05005918367345
5530,1.22507036,1.2245285059183675,391.66914897959185
5540,1.22507036,1.2271346094117648,391.640442
5550,1.22507036,1.2296857272,392.42824834
5560,1.22507036,1.2257123746938776,392.0282141632653
5570,1.22507036,1.2260085523529411,391.78559776470587
5580,1.22507036,1.2274663086000002,391.889374
5590,1.22507036,1.2261246759183673,391.9050717346939
5600,1.22507036,1.2262446411999999,391.76984563999997
5610,1.22507036,1.229817628,392.3178344
5620,1.22507036,1.2262263798,392.388184
5630,1.22507036,1.2285666435294118,392.22704005882355
5640,1.22507036,1.2333479708,393.11012764
5650,1.22507036,1.2316684642,393.32667763999996
5660,1.22507036,1.2271957716,392.1273
5670,1.22507036,1.2323591505882352,393.0159294117647
5680,1.22507036,1.2328655088235294,393.39669176470585
5690,1.22507036,1.2297841928,392.97682364
5700,1.22507036,1.2266189382,392.2253
5710,1.22507036,1.2307370604,392.61236814
5720,1.22507036,1.2317160352941177,393.08779411764704
5730,1.22507036,1.2289532826,392.95082044
5740,1.22507036,1.2265535440000002,392.1864
5750,1.22507036,1.2299141617647058,392.60956505882353
5760,1.22507036,1.2309833142857143,393.00953604081633
5770,1.22507036,1.2277055762,392.65355268
5780,1.22507036,1.2300623068,392.68
5790,1.22507036,1.2333178851020408,393.41095979591836
5800,1.22507036,1.2319865554,393.32584986
5810,1.22507036,1.2328621602,393.22902682
5820,1.22507036,1.23391412,393.803284
5830,1.22507036,1.2300747270588235,393.03000911764707
5840,1.22507036,1.2343684896,393.43283108
5850,1.22507036,1.2341104438000001,393.94806712
5860,1.22507036,1.2302048328,393.344147
5870,1.22507036,1.2297149618,392.99368104
5880,1.22507036,1.2304880694117648,393.2134481764706
5890,1.22507036,1.2275133110204082,392.75410412244895
5900,1.22507036,1.2310578704000001,392.6047
5910,1.22507036,1.2323757004,393.53636684
5920,1.22507036,1.2289543726,393.0604647
5930,1.22507036,1.23123319,392.98860252941176
5940,1.22507036,1.2349480676470588,394.314148
5950,1.22507036,1.2312944254,393.49431522000003
5960,1.22507036,1.230719875,393.27675632
5970,1.22507036,1.2360950530612245,394.052836244898
5980,1.22507036,1.2321620151020407,394.200623
5990,1.22507036,1.2295814532,393.09342242
6000,1.22507036,1.2297028623529411,392.95998429411765
6010,1.22507036,1.233433404,393.4536868
6020,1.22507036,1.2283734158000001,393.4531
6030,1.22507036,1.226963893877551,392.6737555918367
6040,1.22507036,1.2314819670588235,393.1134842352941
6050,1.22507036,1.2314823942000002,393.53210776
6060,1.22507036,1.2282933178000002,393.177734
6070,1.22507036,1.2320109399999999,393.543757
6080,1.22507036,1.2312498606,393.74717197999996
6090,1.22507036,1.231638288,393.445343
6100,1.22507036,1.234216496,394.149628
6110,1.22507036,1.228936953529412,393.36109511764704
6120,1.22507036,1.229237477647059,393.0483288235294
6130,1.22507036,1.2356268770588235,393.8184278235294
6140,1.22507036,1.2361934418,394.9607
6150,1.22507036,1.2312133369387757,393.7615646122449
6160,1.22507036,1.2304420200000001,393.444342
6170,1.22507036,1.2337672072,393.97109978000003
6180,1.22507036,1.231853499,393.924438
6190,1.22507036,1.231799436,393.8826904
6200,1.22507036,1.230022336,393.6338
6210,1.22507036,1.22714675,392.7409
6220,1.22507036,1.234059434489796,393.645966
6230,1.22507036,1.2346417754,394.53514362000004
6240,1.22507036,1.2304337011764706,393.8733718235294
6250,1.22507036,1.2339212824489796,393.8780412244898
6260,1.22507036,1.2382879356,395.2747
6270,1.22507036,1.2332210294117647,394.4727988235294
6280,1.22507036,1.2327050978,394.10110436
6290,1.22507036,1.2373389002,394.60254
6300,1.22507036,1.2359694096,395.362335
6310,1.22507036,1.2309702694117646,393.990345882353
6320,1.22507036,1.2347302742857142,394.2787146122449
6330,1.22507036,1.233842418,394.7696592
6340,1.22507036,1.230769158,393.939728
6350,1.22507036,1.2315750144,393.979036
6360,1.22507036,1.2315853394,394.09225757999997
6370,1.22507036,1.2270967164,393.52941854
6380,1.22507036,1.2337207551020408,393.8349
6390,1.22507036,1.2350733376,394.721266
6400,1.22507036,1.231175098,394.33623800000004
6410,1.22507036,1.2331438448,394.375696
6420,1.22507036,1.2340111294117648,394.5808
6430,1.22507036,1.234545299,394.780358
6440,1.22507036,1.2353418057142858,394.96902857142857
6450,1.22507036,1.2324945428,394.84424698000004
6460,1.22507036,1.2334839166,394.22525
6470,1.22507036,1.2346237778,394.94785272
6480,1.22507036,1.2312597681632653,394.43073591836736
6490,1.22507036,1.2308366592,394.2672741
6500,1.22507036,1.2322562972,393.998047
6510,1.22507036,1.2314822382,394.29000334
6520,1.22507036,1.230039839,394.01599400000003
6530,1.22507036,1.232911822,394.36548980000003
6540,1.22507036,1.2325630823529412,394.9581
6550,1.22507036,1.2299053829411766,394.11853194117646
6560,1.22507036,1.2344131662,394.58227933999996
6570,1.22507036,1.2343554212,395.13154306
6580,1.22507036,1.23151879,394.676849
6590,1.22507036,1.2326308700000002,394.620536
6600,1.22507036,1.2345051458,395.0902506
6610,1.22507036,1.2320157915999999,395.06537892
6620,1.22507036,1.2309979085714287,394.26532
6630,1.22507036,1.2310931964705882,394.3985611764706
6640,1.22507036,1.2305303742,394.4218734
6650,1.22507036,1.2301406086,394.36160028
6660,1.22507036,1.2306322470588236,394.401917
6670,1.22507036,1.2286133338,394.1036626
6680,1.22507036,1.2276288683673469,393.7859526530612
6690,1.22507036,1.2347479306122449,394.52411020408164
6700,1.22507036,1.2310621764705882,395.3626
6710,1.22507036,1.2268505264705882,393.66167505882356
6720,1.22507036,1.232371459,394.36877288
6730,1.22507036,1.2363250904,395.50858736
6740,1.22507036,1.2271570693877552,394.789825
6750,1.22507036,1.2299090378,394.30073228000003
6760,1.22507036,1.236071540612245,395.44434693877554
6770,1.22507036,1.2323416584,395.331812
6780,1.22507036,1.230304654,394.68512
6790,1.22507036,1.226598304,393.88929988
6800,1.22507036,1.228095243877551,393.93428293877554
6810,1.22507036,1.2310274871428573,394.30452081632654
6820,1.22507036,1.2283148104,394.7798
6830,1.22507036,1.224232425,393.46058882
6840,1.22507036,1.231760801764706,394.347509
6850,1.22507036,1.2353287004081632,395.4261083877551
6860,1.22507036,1.2257006442,394.471069
6870,1.22507036,1.2259743544,393.67050618
6880,1.22507036,1.231283435510204,394.4165354489796
6890,1.22507036,1.2325147332653061,394.88822079591836
6900,1.22507036,1.2270261020408162,394.2364
6910,1.22507036,1.229116248,394.3139236
6920,1.22507036,1.2348457218,395.22622214
6930,1.22507036,1.228480008235294,395.00755005882354
6940,1.22507036,1.2250996435294117,393.692719
6950,1.22507036,1.2305833411764706,394.5404511764706
6960,1.22507036,1.2279227019999999,394.5348308
6970,1.22507036,1.2240714926,393.73741222
6980,1.22507036,1.2278649352,393.659454
6990,1.22507036,1.22830355,394.38570492
7000,1.22507036,1.2250442522448979,393.8353295306122
7010,1.22507036,1.227575248979592,393.62137926530613
7020,1.22507036,1.2320422415999999,395.271454
7030,1.22507036,1.2270690592,394.24124672
7040,1.22507036,1.2293701463265305,394.27540163265303
7050,1.22507036,1.2288364981632653,394.48105953061224
7060,1.22507036,1.2271346512,394.348236
7070,1.22507036,1.227099592,394.04852152
7080,1.22507036,1.2275040718,394.38737521999997
7090,1.22507036,1.2237140439999998,393.7951136
7100,1.22507036,1.2248080244897959,393.5958
7110,1.22507036,1.2245358664,393.71088494
7120,1.22507036,1.2270717476470587,393.999122
7130,1.22507036,1.225138683,393.9577742
7140,1.22507036,1.22194712,393.103516
7150,1.22507036,1.226387681632653,393.7832172244898
7160,1.22507036,1.224792548,393.84732152
7170,1.22507036,1.2232992070588236,393.42545411764706
7180,1.22507036,1.2266882404081634,393.857056
7190,1.22507036,1.2254175502,393.76171754
7200,1.22507036,1.2256286204,393.7605792
7210,1.22507036,1.2284558285714287,394.3062310204082
7220,1.22507036,1.2221876696,393.405334
7230,1.22507036,1.2256496098,393.6658289
7240,1.22507036,1.227176387647059,394.00998229411766
7250,1.22507036,1.221815128,393.5393602
7260,1.22507036,1.2227232624,392.706177
7270,1.22507036,1.2265865366,393.77624834
7280,1.22507036,1.2215517352,393.24109291999997
7290,1.22507036,1.2219586470588235,392.7503554705882
7300,1.22507036,1.2245196387755102,393.41507
7310,1.22507036,1.2224264488235292,393.11804705882355
7320,1.22507036,1.2235153132,393.09099604
7330,1.22507036,1.2236034958,393.51195876
7340,1.22507036,1.2206230136734695,392.54538
7350,1.22507036,1.2264713772,393.74712275999997
7360,1.22507036,1.2252687467999999,393.8867348
7370,1.22507036,1.221238116734694,393.03790408163263
7380,1.22507036,1.2278439452941174,393.3338
7390,1.22507036,1.2272371014285715,394.0756442653061
7400,1.22507036,1.2209425404,393.124919
7410,1.22507036,1.2243152194,393.01219962000005
7420,1.22507036,1.2262227752941177,394.129272
7430,1.22507036,1.2235935692000002,393.32594862
7440,1.22507036,1.2241507741176472,393.24376900000004
7450,1.22507036,1.223816655882353,393.2472694117647
7460,1.22507036,1.223518531,393.1124
7470,1.22507036,1.226207274117647,393.66354411764706
7480,1.22507036,1.2208473004081632,393.2633436734694
7490,1.22507036,1.2219096075510205,392.8220194489796
7500,1.22507036,1.2246838788235295,393.2861
